D8D3C9D6-84C3-4626-B2A1-0197FC892359,Cooking Oil
3CE931C2-D5A6-44ED-B2E0-07AE4FDD0657,Orange
2F7F3329-97F0-44E7-BD72-0A492D61B93C,Aloe
58654377-BD60-4F61-894A-0A9B31242755,Candy
3EDDEC14-6E8D-47E9-875E-0BEC31546FF1,Red Onion
46A4E53D-C711-482E-9F88-0DC4449F06A9,Havarti Cheese
E0A1BB5F-FEF5-48B9-A525-0E3C5F5B21C6,Potato
67F7EDCF-5A99-4AC7-ABFA-0F70F3A8F60F,Sugar
A7E7C135-A4D9-454F-818D-16B2DFBF8008,Hazelnuts
C44213A5-217A-46E2-A548-1771896E67B3,Raspberries
D348A052-03B8-4B11-90F3-1917E93CA03D,Pineapple
817D68C6-3D11-44DE-A55C-20676AD4332F,Chardonnay
380D06D8-9136-425F-BBCD-2099FB8B2928,Apple
7F660738-465D-46EA-B089-22C658E9F4D8,Beetroot Soup
22B0531B-AC24-40E5-832C-285C3A01EC65,Salami
6C2E72E9-4CE7-43F7-B7AD-28B2390DF6C0,Honey
BDC75E82-453F-4BEE-89EF-29B35824355B,Hot Pockets
4071CEB3-EF66-42E8-B618-2E5ADFE308D7,Starfruit
812E25F2-F467-4A71-B919-2EED692A4B08,Peanut Butter
55BE336C-5FC8-4257-829F-2F16C1A5E881,French Onion Soup
152999FC-C9F7-4FC4-A322-2F67F7E4DC2B,Turkey
D2FBC912-C7D4-4E20-A882-30BF0C5BD991,Mushroom
B5AA66B4-768F-4E54-BFB6-3384EB6B8CAC,Chocolate
B40384F9-97F1-44A9-9E88-34EFE9833F61,Ice Cream
142DBCD3-35CC-4001-936E-355425930B13,Lima Beans
C0435C87-AC86-42E9-B91B-38A8DF1B68C3,BBQ Sauce
9B74D720-3743-46CF-A68B-3AA111248CBE,Soda
D9F3AA00-EA9C-4DDE-ABD4-3C84F848C820,Breadfruit
DF80CF52-2312-4CFD-B083-3D4C4B7F9A7E,Black Pepper
014346D9-14B6-4CD5-B17B-42402F19C213,Shrimp
721F7015-3382-4C38-A295-42F868D3BE0B,Chicken Nuggets
9E48968A-1CE8-4B58-A466-43EAD8DF931E,Green Apple
5A83C2A2-2C32-4CAE-97CD-45D42AE38DF4,Avocado
810DEE0A-0CD0-4843-9B84-46ECD6D7F0E9,Blueberries
F282F400-CC3E-495C-8245-4C24F383EA98,Banana
8F2816EE-8EAB-4161-B8BF-4D6C091DA4F5,Bora
145D4956-2C27-4B44-892E-50FE471F816A,Bass
7C14152A-CDB4-4AB1-AC2F-519849CEF05F,Toothpaste
78125283-3EC1-4ED3-9F70-51A5FA06D4E4,Sriracha
226B3F54-0390-4F33-8B8E-51BC4844B2C4,Watermelon
D0E03B4D-6136-434E-AB42-536C21FD5A24,Birthday Cake
E0AFEBB1-45E9-4980-8CF7-5494EB453763,Serrano Pepper
B48D311D-CCCB-4D89-BC9E-54C46E8E8855,Plum
D3A072F9-41F5-4B35-97DA-58C11A888F6A,Minestrone Soup
B9A733D9-E15D-4235-BBD0-59D1B929D732,Bell Pepper
68ADF7B9-0514-4F03-9D19-5EE660C62503,Squash
837C9BC6-71C6-4215-863A-5F9B52DE1BB7,Turducken
DA59E27C-E509-4D1D-9549-6135DA052812,Broccoli
E3BC555C-94DB-4287-ADEF-61889DDB5D25,Rosemary
BC04C9DC-A1DC-452D-8D6D-6592A1C3816B,Coffee
0E4F3261-47D4-4B9C-8B5A-66D803EE2934,Carolina Reaper
D1CDFA97-4829-4A4F-98C6-678966F28604,Veggie Patties
E74B1CB6-BFC4-4B82-A627-6931ACF5C8C0,Cabbage
0A55B2EE-91A3-40DC-9A8F-6987C60287B3,Dark Chocolate
CB8D1E43-C31A-4CB1-863A-6F9BFD4D89C6,Yuca
FB6895B0-2BCD-4A30-BFD9-7156E734F08D,Olive Oil
E755632B-3164-4F5F-BE9A-71668FB4C2F1,Salmon
EA6CE054-C016-43D7-90CD-7173EE61661B,Milk
4963DB06-0992-41DB-AEA8-723FDA129D77,Chocolate Milk
72020337-BF03-4BB7-A96C-725835DEE6F0,French Fries
03412369-327F-4139-9783-72FC278C2478,Sausage
68842217-A68C-428F-9A59-733CEEDC8434,Eggplant
C571AD8B-AA97-4730-ACBD-73478DB35177,Long Pepper
5BE3A047-51BE-4418-AB8A-73B2CAE1B10D,Mozzarella Sticks
B5E453A2-465E-4A3E-932D-755D301B9CD5,Salsa
1874A31B-3828-4BEC-BA90-7AF3E3DB33A0,Coffee Creamer
DB526CCA-91F2-47AA-87A8-7B3A6CD0EC7B,Habanero
81EDEEB8-EEB0-4F64-9564-7E3ABFCA05E9,Baking Powder
DBAFE5A6-372A-4370-ACE9-7EE3A5CC5D01,Leek
C559404F-B1DE-4441-AFB3-807B4DAE0ADC,Radish
3969C375-75DA-4877-8ADF-816337B405EF,Cantaloupe
201927E7-6021-46B5-8E19-82C1353E3E6F,Almond Butter
3EC96D73-F6A9-46FE-8E69-84771781293A,Kale
FFC91252-AF74-4B32-9FD3-84CF219B0F4C,Penne
37BAFB9D-2916-40A9-AEAE-85493D721AC7,Goat Cheese
C460A177-E6EF-4025-BB4F-866BBC49ABA7,Chicken Tenders
2269C357-4540-4C84-AC8C-86E855B942D6,Duck Egg
CB55B4CC-38B2-4D8E-9026-897EF3991D28,Kidney Beans
1515DD51-FC31-4CD2-86BB-8C1FB1E13011,Eggs
C0D1FF25-ED24-432D-B120-8C974A2555A2,Bread
9A147115-5C35-47C6-B94F-8D67B669B572,Mozzarella Cheese
ADB72A74-6E03-428B-8BD2-90C36D7B7214,Cheddar Cheese
ACC3EA8E-06D3-4E04-8E84-953C2D9D04F0,Spaghetti
2FBB8E51-3C2F-450E-8DA4-964CC67DEFD5,Garlic
44AD3C86-2870-4187-9601-97C9EBC9FA4C,Cashews
5A267B0B-192B-458A-A5C9-9C323C2C844C,Cauliflower
C2290EF3-76CE-49F7-BD41-9D6261CAD7A0,Tangerine
4C239BF4-CA45-44DF-90C5-9DBBF8ED6505,Soap
650B6B3C-65B1-4FC1-B99D-9FBEFD48BD08,Strawberry
A154037C-0E7C-4C2E-BCDE-A23A5E590C9A,Dragon Fruit
6EC1D88F-77A4-4709-AD47-A51F736DB6ED,Parmesan Cheese
1B9D096A-EA31-428D-8F6B-A563BEE5D049,Jalapeno
A34BFF35-5C33-415B-97A4-A5B0CD4EE0BA,Poblano Pepper
3B9477CC-CE8A-40F2-9A73-A659B1A33D67,Carrot
D5E84961-003F-43BF-9270-A672E13C3102,Flour
402DD827-4ADA-4F83-8AF1-A860022D1C28,Vodka
1FF54726-792F-4828-B69A-A8C670912C81,Water
175EAD9E-0B6E-431D-A7EC-AAB54F7BE896,White Chocolate
7264A091-966C-4D5B-9218-AACAE266D2B4,Pumpkin Pie
2D0B9F1D-AEF1-4646-9480-AD392591AF9E,Pasta
8BC1B248-426A-41DE-8270-AE4042071A92,Oregano
5955BB2D-1B72-4AF7-9AD0-B04CDF879922,Beet
FE5725F3-614D-4CC7-8256-B56C0ECA8D36,Beef Jerky
910E0C4C-BE28-4026-8310-B5EF13DFE95E,Grapes
0BBA72A7-6FCD-4E2B-8C9E-B60425B23FC7,Pinto Beans
18E4787D-C2D4-407B-AE33-B788DEDF4C26,Mac & Cheese
19B67015-7DB8-45D9-AAD4-B9FED0ED225F,Vanilla
E1E5351C-F1F3-4ABB-A50F-BC2E8A4CD045,Wine
60E785D8-D5E7-4E7F-8CB2-BD2F9A713E7F,Molasses
C548D62D-DAA9-424E-8031-C122F822C74C,Lime
BBBC496E-FF06-4CFD-9D4A-C4B9E31BF986,Black Beans
9E62D16B-716B-4821-9AA8-C55BFF8B23D9,Chips
D160AAB2-7568-4848-B83B-C5B7DB84F106,Celery
AB64CDF5-47DE-4E47-A83D-C5D609C6B4E3,Cinnamon
01A38A1E-F6E8-4FDC-A887-C61C3051BD96,Ice
75F976C1-48CB-4368-8314-C6BF70619407,Cherry
8A40EAA5-D2A6-4679-AEBA-C70277135EF6,Kiwi
3CD5F6E7-8C21-4019-9A7A-CB814499A53C,Walnuts
1200D449-1E32-404E-BE1C-CD53009B587D,Mint
BAD8621E-60F1-456B-9FB2-D01BBB7504B2,Lamb
BF22B7DE-1A64-48C2-8520-D0D14BC75772,Almonds
85FFBB8E-E6EF-4E02-BCA1-D3101D6B896B,Mango
99818B97-DD45-4DA4-869B-D3315844F5A3,Tomato
9F3F32DF-8747-4330-B669-D3A130972075,Toothbrush
4C8B1C7B-1D37-46D1-8136-D3D5F718F367,Lemon
E7C83033-8C60-4D52-BE39-D4CA890C08D3,Brown Rice
D64A4D41-9888-4DC0-B420-D6044E4D5D0F,Almond Milk
A0128549-94CA-4AEA-B9E1-D63C82EF71C8,Salt
BA18C3DD-0EC1-4B51-83A7-D66343A126B2,Avocado Oil
16B3F2C0-9CA6-4F9E-B030-D697BDCA2048,Frozen Pizza
A9922996-2976-48B3-B99E-D764C80021AC,Cookies
05BC2E10-C475-4CC2-992F-D7FBCFF7BEF8,Cherry Tomato
3FE4E2F3-E121-488B-9736-D92CCB16E9CB,Pepperoni
4A3FFEF5-E4A6-4151-A359-DC161D677997,Olives
CA29634F-0F81-4259-821C-DC6F366F2EF3,Ginger
ABB33BBE-E900-44C9-920F-DD23AD75A1E8,Hot Dog
96E0D933-0EA4-44A0-B237-DEF393653A53,Green Beans
35C34B95-FB33-4C3C-AF7F-E08DACC5E021,Ghost Pepper
ABB707B5-654F-4DEF-9461-E809D91EF7DE,Condensed Milk
5BF9FCA1-1D5C-454A-BF59-EB2F72C92521,Pepperjack Cheese
BAC3868B-A88A-4178-9FB8-EBE7105B00FF,Ravioli
8945B0E6-7113-464F-8BD7-F0D0C75A3F09,Mayonnaise
F863F04C-4F17-4EA3-A5C0-F1396C50E397,Spinach
C06C82D7-3217-442F-B72D-F2FA83009B38,Honey Mustard
1E972EEF-1A9A-4838-AF09-F41167A8CDD7,Tomato Soup
40B4174D-616E-4FBF-A16F-F55C9B819707,Iced Coffee
E550C7C6-82EB-4CDB-823C-F8BA2D108134,Okra
816EE1A4-D331-4116-87F5-FA38960FF848,Rice
55A9197A-5B7B-4ED3-B5CE-FAA6DFD2B0B0,Tortilla
ED9484ED-DAB2-404D-9885-FAB6C255A4A7,Onion
655D4B1D-586A-4026-9A76-FB6749E95E48,Lettuce
